worker_type,worker_id,completed_ops,target_ops,wall_seconds,avg_latency_seconds,p95_latency_seconds,max_latency_seconds
reader,0,10000,10000,186.377418,0.018633,0.070118,0.338842
reader,1,10000,10000,188.542366,0.018849,0.070237,0.282121
reader,2,10000,10000,187.427953,0.018737,0.070429,0.288234
reader,3,10000,10000,186.959936,0.018690,0.069551,0.209186
reader,4,10000,10000,189.320984,0.018927,0.070775,0.324420
reader,5,10000,10000,188.900246,0.018884,0.069439,0.247327
reader,6,10000,10000,183.947538,0.018389,0.069894,0.228875
reader,7,10000,10000,189.293441,0.018924,0.071816,0.238035
reader,8,10000,10000,185.276314,0.018522,0.068326,0.280993
reader,9,10000,10000,190.269901,0.019021,0.072602,0.240324
reader,10,10000,10000,187.099814,0.018705,0.069156,0.275929
reader,11,10000,10000,189.135842,0.018908,0.069626,0.289861
reader,12,10000,10000,187.236403,0.018718,0.070101,0.241523
reader,13,10000,10000,189.335852,0.018928,0.069586,0.252994
reader,14,10000,10000,188.998190,0.018894,0.069557,0.231890
reader,15,10000,10000,188.914210,0.018886,0.070995,0.316463
reader,16,10000,10000,190.935408,0.019088,0.071818,0.243365
reader,17,10000,10000,184.334067,0.018428,0.069075,0.278414
reader,18,10000,10000,189.502535,0.018945,0.070715,0.284483
reader,19,10000,10000,188.484317,0.018843,0.070986,0.261011
reader,20,10000,10000,189.128512,0.018907,0.070280,0.264176
reader,21,10000,10000,183.804430,0.018375,0.068727,0.241482
reader,22,10000,10000,187.150365,0.018709,0.068621,0.252609
reader,23,10000,10000,188.762567,0.018871,0.068445,0.284568
reader,24,10000,10000,190.669846,0.019061,0.069684,0.243021
reader,25,10000,10000,190.260250,0.019020,0.071750,0.228038
reader,26,10000,10000,187.242929,0.018705,0.069842,0.272035
reader,27,10000,10000,186.885834,0.018683,0.069946,0.272314
reader,28,10000,10000,188.500696,0.018845,0.071036,0.228236
reader,29,10000,10000,190.034717,0.018998,0.071494,0.229212
reader,30,10000,10000,186.765023,0.018671,0.068751,0.338447
reader,31,10000,10000,189.467506,0.018941,0.069964,0.251428
reader,32,10000,10000,188.699152,0.018865,0.070653,0.240386
reader,33,10000,10000,190.610740,0.019056,0.072272,0.283143
reader,34,10000,10000,190.101072,0.019005,0.069264,0.279728
reader,35,10000,10000,189.411376,0.018936,0.071859,0.266007
reader,36,10000,10000,188.740784,0.018856,0.070232,0.283571
reader,37,10000,10000,190.740425,0.019069,0.069565,0.316714
reader,38,10000,10000,188.058458,0.018795,0.069752,0.299670
reader,39,10000,10000,187.459282,0.018741,0.070350,0.250137
reader,40,10000,10000,188.210767,0.018815,0.069399,0.258565
reader,41,10000,10000,186.443770,0.018639,0.070313,0.246015
reader,42,10000,10000,189.264870,0.018921,0.071674,0.298049
reader,43,10000,10000,188.705385,0.018865,0.069612,0.289447
reader,44,10000,10000,186.558173,0.018651,0.068788,0.229410
reader,45,10000,10000,190.409252,0.019036,0.073188,0.228459
reader,46,10000,10000,186.705050,0.018665,0.069325,0.302243
reader,47,10000,10000,190.562177,0.019051,0.070358,0.228123
reader,48,10000,10000,189.785547,0.018973,0.071848,0.231741
reader,49,10000,10000,184.709210,0.018466,0.068851,0.258776
reader,50,10000,10000,189.472816,0.018942,0.070308,0.226948
reader,51,10000,10000,189.372985,0.018932,0.070713,0.268963
reader,52,10000,10000,190.457673,0.019041,0.070297,0.341888
reader,53,10000,10000,190.115689,0.019006,0.071177,0.241103
reader,54,10000,10000,188.389125,0.018834,0.069692,0.278674
reader,55,10000,10000,187.610164,0.018756,0.069310,0.224773
reader,56,10000,10000,188.361138,0.018831,0.070243,0.261969
reader,57,10000,10000,190.067513,0.019001,0.069760,0.260234
reader,58,10000,10000,187.639852,0.018759,0.070968,0.239549
reader,59,10000,10000,188.081515,0.018803,0.070222,0.255165
reader,60,10000,10000,186.373838,0.018632,0.068888,0.281921
reader,61,10000,10000,186.003754,0.018595,0.069717,0.298246
reader,62,10000,10000,187.483713,0.018743,0.069796,0.404122
reader,63,10000,10000,182.403235,0.018235,0.067650,0.275042
reader,64,10000,10000,190.497451,0.019044,0.071936,0.260161
reader,65,10000,10000,188.301558,0.018825,0.070585,0.331755
reader,66,10000,10000,188.246260,0.018819,0.071097,0.288243
reader,67,10000,10000,189.579964,0.018948,0.072455,0.219998
reader,68,10000,10000,189.489694,0.018944,0.070599,0.288215
reader,69,10000,10000,189.504255,0.018945,0.070589,0.293095
reader,70,10000,10000,186.923961,0.018687,0.068728,0.266984
reader,71,10000,10000,188.711041,0.018865,0.070648,0.279033
reader,72,10000,10000,186.716463,0.018666,0.070132,0.221809
reader,73,10000,10000,189.850043,0.018980,0.072599,0.219887
reader,74,10000,10000,189.938736,0.018988,0.069900,0.297893
reader,75,10000,10000,186.615801,0.018656,0.069671,0.256179
reader,76,10000,10000,186.176217,0.018612,0.068757,0.246715
reader,77,10000,10000,189.274898,0.018922,0.071183,0.298515
reader,78,10000,10000,186.916150,0.018686,0.069402,0.243736
reader,79,10000,10000,191.416927,0.019136,0.071282,0.236900
reader,80,10000,10000,189.117008,0.018906,0.069742,0.227587
reader,81,10000,10000,187.743643,0.018769,0.068731,0.268536
reader,82,10000,10000,188.177576,0.018812,0.070218,0.317624
reader,83,10000,10000,190.148430,0.019004,0.070336,0.253819
reader,84,10000,10000,190.046032,0.018999,0.071205,0.258728
reader,85,10000,10000,187.767766,0.018771,0.069753,0.297623
reader,86,10000,10000,187.818701,0.018775,0.067947,0.249212
reader,87,10000,10000,189.550046,0.018950,0.070382,0.290997
reader,88,10000,10000,188.806302,0.018875,0.069758,0.278830
reader,89,10000,10000,188.996436,0.018894,0.070460,0.278757
reader,90,10000,10000,187.756579,0.018770,0.069000,0.280540
reader,91,10000,10000,189.718902,0.018967,0.069490,0.328238
reader,92,10000,10000,190.506169,0.019045,0.070904,0.290782
reader,93,10000,10000,187.598343,0.018754,0.069377,0.296297
reader,94,10000,10000,190.197965,0.019015,0.072278,0.236976
reader,95,10000,10000,187.706116,0.018765,0.069502,0.311444
reader,96,10000,10000,189.492753,0.018944,0.069924,0.275969
reader,97,10000,10000,188.467922,0.018842,0.070625,0.266274
reader,98,10000,10000,188.801206,0.018875,0.070966,0.231922
reader,99,10000,10000,190.418189,0.019036,0.070940,0.270392
writer,0,10000,10000,435.930865,0.043588,0.215977,0.964764
writer,1,10000,10000,436.964227,0.043691,0.213310,0.807991
writer,2,10000,10000,439.448204,0.043939,0.212178,1.015749
writer,3,10000,10000,437.117591,0.043706,0.214099,0.877412
writer,4,10000,10000,434.985246,0.043493,0.216640,1.020457
writer,5,10000,10000,439.579626,0.043952,0.215996,0.976277
writer,6,10000,10000,438.129052,0.043807,0.214808,0.919955
writer,7,10000,10000,439.907678,0.043985,0.217477,0.939452
writer,8,10000,10000,434.257175,0.043420,0.215948,0.861289
writer,9,10000,10000,435.344992,0.043529,0.216631,0.833882
writer,10,10000,10000,436.406990,0.043635,0.215601,0.796001
writer,11,10000,10000,438.996510,0.043894,0.214521,1.139594
writer,12,10000,10000,436.303674,0.043625,0.212224,0.893529
writer,13,10000,10000,433.484322,0.043343,0.218185,0.866543
writer,14,10000,10000,437.171487,0.043712,0.215428,0.685490
writer,15,10000,10000,436.269468,0.043622,0.215052,0.928608
writer,16,10000,10000,438.089970,0.043804,0.216911,0.898405
writer,17,10000,10000,437.958447,0.043790,0.213990,0.930853
writer,18,10000,10000,438.179381,0.043813,0.215571,0.776483
writer,19,10000,10000,439.466878,0.043941,0.215162,0.798046
writer,20,10000,10000,435.395821,0.043534,0.215802,0.921113
writer,21,10000,10000,439.547378,0.043949,0.212476,0.849286
writer,22,10000,10000,437.495169,0.043744,0.215796,0.818615
writer,23,10000,10000,437.561167,0.043751,0.214518,0.798633
writer,24,10000,10000,437.063623,0.043701,0.217356,1.091930
writer,25,10000,10000,438.186987,0.043813,0.216422,0.842909
writer,26,10000,10000,434.396420,0.043434,0.213841,0.835831
writer,27,10000,10000,438.216145,0.043816,0.216414,0.948735
writer,28,10000,10000,437.362190,0.043731,0.217018,0.970825
writer,29,10000,10000,435.388430,0.043533,0.213351,1.243708
writer,30,10000,10000,438.861080,0.043881,0.213068,0.981654
writer,31,10000,10000,438.721470,0.043867,0.215259,0.761538
writer,32,10000,10000,437.024260,0.043697,0.215438,0.772703
writer,33,10000,10000,438.981331,0.043893,0.214555,0.778466
writer,34,10000,10000,436.233172,0.043618,0.215292,0.899656
writer,35,10000,10000,438.448124,0.043839,0.215889,1.146381
writer,36,10000,10000,437.290046,0.043724,0.214528,0.854801
writer,37,10000,10000,438.082229,0.043803,0.216044,1.006108
writer,38,10000,10000,436.355429,0.043630,0.213319,0.709779
writer,39,10000,10000,438.046427,0.043799,0.212766,1.056601
writer,40,10000,10000,439.933390,0.043988,0.214685,1.305757
writer,41,10000,10000,439.327873,0.043927,0.215436,0.894340
writer,42,10000,10000,437.550435,0.043750,0.215700,0.907635
writer,43,10000,10000,436.407633,0.043635,0.216749,0.778454
writer,44,10000,10000,436.227993,0.043617,0.217102,0.893382
writer,45,10000,10000,437.175940,0.043712,0.213594,1.068905
writer,46,10000,10000,439.174634,0.043912,0.215245,0.869955
writer,47,10000,10000,437.193061,0.043714,0.216731,0.876013
writer,48,10000,10000,435.642547,0.043559,0.216672,0.868770
writer,49,10000,10000,436.731119,0.043668,0.213171,1.011340
writer,50,10000,10000,437.340227,0.043729,0.213516,0.960755
writer,51,10000,10000,436.771096,0.043672,0.213150,1.128395
writer,52,10000,10000,438.558078,0.043850,0.213337,1.050919
writer,53,10000,10000,437.333129,0.043728,0.217162,1.061004
writer,54,10000,10000,436.439000,0.043639,0.214878,0.772763
writer,55,10000,10000,437.262819,0.043721,0.216942,0.962412
writer,56,10000,10000,437.913141,0.043786,0.215927,0.825105
writer,57,10000,10000,439.229769,0.043918,0.213679,0.878663
writer,58,10000,10000,436.289768,0.043624,0.218246,0.830477
writer,59,10000,10000,436.144126,0.043609,0.214560,0.838193
writer,60,10000,10000,433.801028,0.043375,0.215488,0.771628
writer,61,10000,10000,438.114879,0.043806,0.214345,0.909671
writer,62,10000,10000,437.486985,0.043743,0.215743,1.173955
writer,63,10000,10000,434.193948,0.043414,0.215744,0.773917
writer,64,10000,10000,437.858317,0.043780,0.217210,0.762950
writer,65,10000,10000,436.188462,0.043613,0.215234,0.923009
writer,66,10000,10000,437.564500,0.043751,0.213732,0.917130
writer,67,10000,10000,439.319827,0.043927,0.212636,1.139298
writer,68,10000,10000,436.749447,0.043670,0.213727,1.124932
writer,69,10000,10000,438.241369,0.043819,0.215455,0.778911
writer,70,10000,10000,439.118599,0.043906,0.214798,1.008391
writer,71,10000,10000,437.710686,0.043766,0.214069,0.970305
writer,72,10000,10000,436.152916,0.043610,0.213221,0.993762
writer,73,10000,10000,438.022475,0.043797,0.216548,0.777453
writer,74,10000,10000,437.872993,0.043782,0.214473,0.982207
writer,75,10000,10000,437.160564,0.043711,0.216429,0.821730
writer,76,10000,10000,437.327712,0.043727,0.212067,0.906675
writer,77,10000,10000,437.381633,0.043733,0.216622,0.923749
writer,78,10000,10000,436.660598,0.043661,0.213193,1.106936
writer,79,10000,10000,438.968380,0.043892,0.214865,0.866148
writer,80,10000,10000,439.174728,0.043912,0.214247,0.764208
writer,81,10000,10000,436.731611,0.043668,0.214475,0.836405
writer,82,10000,10000,435.432608,0.043538,0.217709,0.753586
writer,83,10000,10000,439.071237,0.043902,0.214795,0.875681
writer,84,10000,10000,430.912876,0.043086,0.216003,0.703647
writer,85,10000,10000,439.236738,0.043918,0.214880,1.069184
writer,86,10000,10000,436.405617,0.043635,0.216869,0.871056
writer,87,10000,10000,437.382534,0.043733,0.216434,0.870702
writer,88,10000,10000,437.854216,0.043780,0.214873,0.948330
writer,89,10000,10000,435.712560,0.043566,0.217113,0.844848
writer,90,10000,10000,437.932081,0.043788,0.216250,0.921694
writer,91,10000,10000,438.808274,0.043876,0.214671,0.899487
writer,92,10000,10000,436.990446,0.043694,0.215900,0.744560
writer,93,10000,10000,437.046084,0.043699,0.212472,0.913885
writer,94,10000,10000,439.037956,0.043898,0.212601,0.905869
writer,95,10000,10000,438.672457,0.043862,0.216317,0.765243
writer,96,10000,10000,438.950885,0.043890,0.215961,0.870795
writer,97,10000,10000,436.897326,0.043684,0.217177,0.800038
writer,98,10000,10000,435.286637,0.043523,0.213273,0.874403
writer,99,10000,10000,438.368971,0.043831,0.216173,0.907174
